{"cameraMode":{"drawMode":0,"name":"Shaded","section":"Shading Mode"},"sceneLighting":true,"audioPlay":false,"sceneViewState":{"m_AlwaysRefresh":false,"showFog":true,"showSkybox":true,"showFlares":true,"showImageEffects":true,"showParticleSystems":true,"showVisualEffectGraphs":true,"m_FxEnabled":true},"in2DMode":false,"pivot":{"x":-0.29642248153686526,"y":-4.308223247528076,"z":-10.565600395202637},"rotation":{"x":-0.01776939444243908,"y":-0.9705103635787964,"z":0.22827251255512238,"w":-0.07555601745843888},"size":9.301629066467286,"orthographic":false}