{"cameraMode":{"drawMode":0,"name":"Shaded","section":"Shading Mode"},"sceneLighting":true,"audioPlay":false,"sceneViewState":{"m_AlwaysRefresh":false,"showFog":true,"showSkybox":true,"showFlares":true,"showImageEffects":true,"showParticleSystems":true,"showVisualEffectGraphs":true,"m_FxEnabled":true},"in2DMode":false,"pivot":{"x":-0.17215736210346223,"y":0.939673125743866,"z":5.828149795532227},"rotation":{"x":0.046400487422943118,"y":0.8842426538467407,"z":-0.08997762203216553,"w":0.45595642924308779},"size":1.1660254001617432,"orthographic":false}